{"accuracy": {"pass@5": 0.7745112272551297}, "prompt_tokens": 61383.4, "completion_tokens": 19710.4, "duration": 1014.4196302890778}