{"accuracy": {"pass@1": 0.7658536585365854}, "prompt_tokens": 42465.0, "completion_tokens": 43026.2, "duration": 1004.2310725688934}