{"accuracy": {"pass@1": 0.6481707317073171}, "prompt_tokens": 156606.9, "completion_tokens": 71687.4, "duration": 1689.3855704545974}