{"accuracy": {"pass@1": 0.9329268292682927}, "prompt_tokens": 44295.2, "completion_tokens": 10354.4, "duration": 881.3320665836334}