{"accuracy": {"pass@1": 0.7999999999999999}, "prompt_tokens": 78486.7, "completion_tokens": 13058.1, "duration": 508.19947428703307}