{"accuracy": {"pass@8": 0.9363143631436314}, "prompt_tokens": 208202.4, "completion_tokens": 175600.8, "duration": 7825.506324386597}