{"accuracy": {"pass@10": 0.7865853658536586}, "prompt_tokens": 61454.0, "completion_tokens": 19804.8, "duration": 1309.3551130771637}