{"accuracy": {"pass@1": 0.7865853658536586}, "prompt_tokens": 3087.5, "completion_tokens": 1037.4, "duration": 65.10999796390533}