{"accuracy": {"pass@6": 0.8268873403019744}, "prompt_tokens": 61263.8, "completion_tokens": 19970.0, "duration": 1104.9888075351714}