{"accuracy": {"pass@1": 0.9426829268292685}, "prompt_tokens": 53264.4, "completion_tokens": 13584.4, "duration": 873.6111709117889}