{"accuracy": {"pass@1": 0.7621951219512195}, "prompt_tokens": 196168, "completion_tokens": 35541, "duration": 2761.8151264190674}