{"accuracy": {"pass@1": 0.7817073170731706}, "prompt_tokens": 239990.2, "completion_tokens": 39606.8, "duration": 1780.0688476085663}