{"accuracy": {"pass@1": 0.7439024390243902}, "prompt_tokens": 197920, "completion_tokens": 36081, "duration": 2605.5454366207123}