{"accuracy": {"pass@5": 0.8106368563685638}, "prompt_tokens": 572936.5, "completion_tokens": 224657.5, "duration": 6128.3153483867645}