{"accuracy": {"pass@5": 0.8062814556716996}, "prompt_tokens": 147586.0, "completion_tokens": 91620.0, "duration": 2901.308834195137}