{"accuracy": {"pass@9": 0.851219512195122}, "prompt_tokens": 265654.8, "completion_tokens": 164916.0, "duration": 5222.3559015512465}