{"accuracy": {"pass@1": 0.7378048780487805}, "prompt_tokens": 79947.8, "completion_tokens": 17142.0, "duration": 971.2489685058594}