{"accuracy": {"pass@1": 0.7731707317073171}, "prompt_tokens": 40987.2, "completion_tokens": 38444.0, "duration": 923.1427871704102}