{"accuracy": {"pass@1": 0.8902439024390244}, "prompt_tokens": 3057.9, "completion_tokens": 1360.7, "duration": 111.03835468292236}