{"accuracy": {"pass@5": 0.9105691056910568}, "prompt_tokens": 152895.0, "completion_tokens": 68260.5, "duration": 5473.705141186714}