{"accuracy": {"pass@1": 0.6280487804878049}, "prompt_tokens": 86688, "completion_tokens": 46493, "duration": 1331.1730847358704}