{"accuracy": {"pass@3": 0.7654471544715447}, "prompt_tokens": 88551.6, "completion_tokens": 54972.0, "duration": 1740.7853005170823}