{"accuracy": {"pass@1": 0.9359756097560976}, "prompt_tokens": 47163.8, "completion_tokens": 10771.6, "duration": 926.8417603969574}