{"accuracy": {"pass@1": 0.7378048780487805}, "prompt_tokens": 31510.6, "completion_tokens": 6446.8, "duration": 243.15980505943298}