{"accuracy": {"pass@1": 0.8536585365853658}, "prompt_tokens": 30579.0, "completion_tokens": 12949.0, "duration": 1004.6033329963684}