{"accuracy": {"pass@1": 0.6463414634146342}, "prompt_tokens": 156552.6, "completion_tokens": 71425.8, "duration": 2051.0322501659393}