{"accuracy": {"pass@5": 0.9079316686024003}, "prompt_tokens": 529009.5, "completion_tokens": 170214.0, "duration": 9016.898335576057}