{"accuracy": {"pass@1": 0.7451219512195121}, "prompt_tokens": 40731.6, "completion_tokens": 8175.3, "duration": 436.3006450176239}