{"accuracy": {"pass@1": 0.7756097560975609}, "prompt_tokens": 49363.8, "completion_tokens": 61940.2, "duration": 1223.1245717525483}