{"accuracy": {"pass@1": 0.9298780487804879}, "prompt_tokens": 15228.6, "completion_tokens": 11973.6, "duration": 590.9068368434906}