{"accuracy": {"pass@1": 0.6932926829268292}, "prompt_tokens": 61383.4, "completion_tokens": 19710.4, "duration": 1014.4196302890778}