{"accuracy": {"pass@3": 0.895630081300813}, "prompt_tokens": 91737.0, "completion_tokens": 41388.6, "duration": 3089.220817708969}