{"accuracy": {"pass@1": 0.9317073170731708}, "prompt_tokens": 39928.9, "completion_tokens": 10980.1, "duration": 740.3374184846878}