{"accuracy": {"pass@2": 0.7628726287262872}, "prompt_tokens": 61263.8, "completion_tokens": 19970.0, "duration": 1104.9888075351714}