{"accuracy": {"pass@1": 0.9353658536585366}, "prompt_tokens": 105511.7, "completion_tokens": 24682.2, "duration": 2109.9215104818345}