{"accuracy": {"pass@8": 0.9338753387533876}, "prompt_tokens": 1249878.4, "completion_tokens": 600732.8, "duration": 18999.511522865294}