{"accuracy": {"pass@9": 0.9304878048780487}, "prompt_tokens": 275211.0, "completion_tokens": 124165.8, "duration": 9267.662453126908}