{"accuracy": {"pass@1": 0.7621951219512195}, "prompt_tokens": 3087.5, "completion_tokens": 1020.7, "duration": 64.48913443088531}