{"accuracy": {"pass@2": 0.7302168021680217}, "prompt_tokens": 59034.4, "completion_tokens": 36648.0, "duration": 1160.5235336780547}