{"accuracy": {"pass@6": 0.9290069686411149}, "prompt_tokens": 173502.0, "completion_tokens": 146041.2, "duration": 6494.385213661194}