{"accuracy": {"pass@6": 0.8502032520325203}, "prompt_tokens": 984505.8, "completion_tokens": 573961.2, "duration": 27754.015749549864}