{"accuracy": {"pass@8": 0.8107046070460706}, "prompt_tokens": 62889.2, "completion_tokens": 20785.6, "duration": 1225.2761926174164}