{"accuracy": {"pass@6": 0.9184668989547039}, "prompt_tokens": 183474.0, "completion_tokens": 81912.6, "duration": 6568.446169424057}