{"accuracy": {"pass@2": 0.8733062330623307}, "prompt_tokens": 61158.0, "completion_tokens": 27214.2, "duration": 2123.7192730903625}