{"accuracy": {"pass@6": 0.9269744483159117}, "prompt_tokens": 937408.8, "completion_tokens": 450549.6, "duration": 14249.633642148972}