{"accuracy": {"pass@7": 0.8025406504065041}, "prompt_tokens": 740295.5, "completion_tokens": 217226.1, "duration": 8208.05830333233}