{"accuracy": {"pass@4": 0.9197154471544714}, "prompt_tokens": 115668.0, "completion_tokens": 97360.8, "duration": 4329.590142440796}