{"accuracy": {"pass@4": 0.8202961672473869}, "prompt_tokens": 656337.2, "completion_tokens": 382640.8, "duration": 18502.67716636658}