{"accuracy": {"pass@4": 0.7673635307781649}, "prompt_tokens": 122766.8, "completion_tokens": 39420.8, "duration": 2028.8392605781555}