{"accuracy": {"pass@1": 0.7658536585365854}, "prompt_tokens": 162950.6, "completion_tokens": 29624.0, "duration": 923.5799383163452}