{"accuracy": {"pass@1": 0.8426829268292683}, "prompt_tokens": 75793.4, "completion_tokens": 92937.0, "duration": 5635.093150806427}