{"accuracy": {"pass@6": 0.9198025551684088}, "prompt_tokens": 183474.0, "completion_tokens": 82777.2, "duration": 6178.441635417938}