{"accuracy": {"pass@1": 0.8841463414634146}, "prompt_tokens": 14623.4, "completion_tokens": 10876.4, "duration": 558.7129006385803}