{"accuracy": {"pass@1": 0.8658536585365854}, "prompt_tokens": 10603.5, "completion_tokens": 3404.9, "duration": 175.15720946788787}