{"accuracy": {"pass@1": 0.8689024390243902}, "prompt_tokens": 68285.2, "completion_tokens": 15731.2, "duration": 1453.4558751106263}