{"accuracy": {"pass@1": 0.6280487804878049}, "prompt_tokens": 82805, "completion_tokens": 49843, "duration": 1239.0203671455383}