{"accuracy": {"pass@1": 0.8597560975609756}, "prompt_tokens": 9762.8, "completion_tokens": 12893.8, "duration": 216.5043255805969}