{"accuracy": {"pass@1": 0.7060975609756098}, "prompt_tokens": 30727.0, "completion_tokens": 9902.4, "duration": 654.6775565385818}