{"accuracy": {"pass@6": 0.7773809523809524}, "prompt_tokens": 61454.0, "completion_tokens": 19804.8, "duration": 1309.3551130771637}