{"accuracy": {"pass@1": 0.8304878048780487}, "prompt_tokens": 140202.2, "completion_tokens": 21265.1, "duration": 699.6508912086487}