{"accuracy": {"pass@1": 0.8067073170731708}, "prompt_tokens": 105801.9, "completion_tokens": 34042.8, "duration": 1803.3796671152115}