{"accuracy": {"pass@8": 0.7836043360433604}, "prompt_tokens": 61454.0, "completion_tokens": 19804.8, "duration": 1309.3551130771637}