{"accuracy": {"pass@1": 0.7817073170731706}, "prompt_tokens": 61457.8, "completion_tokens": 10836.6, "duration": 460.06103332042693}