{"accuracy": {"pass@10": 0.8170731707317073}, "prompt_tokens": 62889.2, "completion_tokens": 20785.6, "duration": 1225.2761926174164}