{"accuracy": {"pass@1": 0.9182926829268294}, "prompt_tokens": 33838.4, "completion_tokens": 9807.4, "duration": 859.7753869056702}