{"accuracy": {"pass@8": 0.7873983739837398}, "prompt_tokens": 245533.6, "completion_tokens": 78841.6, "duration": 4057.678521156311}