{"accuracy": {"pass@1": 0.9329268292682927}, "prompt_tokens": 15463.0, "completion_tokens": 12711.0, "duration": 607.4195395946502}