{"accuracy": {"pass@1": 0.8939024390243903}, "prompt_tokens": 60040.8, "completion_tokens": 16360.0, "duration": 983.4152154922485}