{"accuracy": {"pass@1": 0.8865853658536585}, "prompt_tokens": 31451.5, "completion_tokens": 9926.5, "duration": 675.7256856679917}