{"accuracy": {"pass@6": 0.9350464576074332}, "prompt_tokens": 937477.2, "completion_tokens": 451353.0, "duration": 15244.063696718216}