{"accuracy": {"pass@1": 0.7975609756097561}, "prompt_tokens": 117215.2, "completion_tokens": 19992.2, "duration": 1037.8377850532531}