{"accuracy": {"pass@1": 0.9420731707317073}, "prompt_tokens": 52807.8, "completion_tokens": 11619.4, "duration": 1005.380227613449}