{"accuracy": {"pass@1": 0.8134146341463415}, "prompt_tokens": 114605.2, "completion_tokens": 17679.7, "duration": 783.5904493570328}