{"accuracy": {"pass@1": 0.8475609756097561}, "prompt_tokens": 30579, "completion_tokens": 13336, "duration": 1040.117674589157}