{"accuracy": {"pass@7": 0.9145325203252034}, "prompt_tokens": 741451.2, "completion_tokens": 239486.1, "duration": 16194.844249868393}