{"accuracy": {"pass@1": 0.6951219512195121}, "prompt_tokens": 15392.9, "completion_tokens": 4963.7, "duration": 328.58235626220704}