{"accuracy": {"pass@1": 0.7792682926829269}, "prompt_tokens": 135310.5, "completion_tokens": 24947.0, "duration": 752.5825255393981}