{"accuracy": {"pass@1": 0.823170731707317}, "prompt_tokens": 85683, "completion_tokens": 55364, "duration": 2525.251647233963}