{"accuracy": {"pass@1": 0.7378048780487805}, "prompt_tokens": 177801, "completion_tokens": 34119, "duration": 1829.4404847621918}