{"accuracy": {"pass@2": 0.8612466124661248}, "prompt_tokens": 211843.2, "completion_tokens": 68424.6, "duration": 4627.098357105255}