{"accuracy": {"pass@3": 0.9020833333333333}, "prompt_tokens": 91737.0, "completion_tokens": 40689.6, "duration": 3312.249136161804}