{"accuracy": {"pass@6": 0.9009872241579558}, "prompt_tokens": 183474.0, "completion_tokens": 81642.6, "duration": 6371.157819271088}