{"accuracy": {"pass@1": 0.748780487804878}, "prompt_tokens": 34503.4, "completion_tokens": 20763.4, "duration": 777.4061148166656}