{"accuracy": {"pass@1": 0.8432926829268294}, "prompt_tokens": 156246.2, "completion_tokens": 75225.5, "duration": 2540.6772827863692}