{"accuracy": {"pass@1": 0.7621951219512195}, "prompt_tokens": 3087.5, "completion_tokens": 1017.2, "duration": 66.25346915721893}