{"accuracy": {"pass@1": 0.8963414634146342}, "prompt_tokens": 15620.0, "completion_tokens": 13236.0, "duration": 622.9215921878815}