{"accuracy": {"pass@1": 0.8268292682926829}, "prompt_tokens": 138730.8, "completion_tokens": 20842.9, "duration": 899.0292524337768}