{"accuracy": {"pass@1": 0.8329268292682926}, "prompt_tokens": 149127.0, "completion_tokens": 22131.8, "duration": 946.1334343671799}