{"accuracy": {"pass@3": 0.8829776422764228}, "prompt_tokens": 317764.8, "completion_tokens": 102636.9, "duration": 6940.647535657883}