{"accuracy": {"pass@7": 0.831808943089431}, "prompt_tokens": 206620.4, "completion_tokens": 128268.0, "duration": 4061.8323678731917}