{"accuracy": {"pass@7": 0.8338922764227642}, "prompt_tokens": 802111.1, "completion_tokens": 314520.5, "duration": 8579.64148774147}