{"accuracy": {"pass@1": 0.6402439024390244}, "prompt_tokens": 75635, "completion_tokens": 84941, "duration": 1771.2158563137054}