{"accuracy": {"pass@1": 0.7999999999999999}, "prompt_tokens": 79382.9, "completion_tokens": 13193.2, "duration": 511.0589567899704}