{"accuracy": {"pass@4": 0.9201993805652342}, "prompt_tokens": 104101.2, "completion_tokens": 87800.4, "duration": 3912.7531621932985}