{"accuracy": {"pass@1": 0.8914634146341462}, "prompt_tokens": 85013.4, "completion_tokens": 21842.2, "duration": 1233.4220556020737}