{"accuracy": {"pass@9": 0.9195121951219513}, "prompt_tokens": 953294.4, "completion_tokens": 307910.7, "duration": 20821.942606973647}