{"accuracy": {"pass@2": 0.7196476964769648}, "prompt_tokens": 211513.0, "completion_tokens": 62064.6, "duration": 2345.159515237808}