{"accuracy": {"pass@2": 0.776219512195122}, "prompt_tokens": 321319.2, "completion_tokens": 184883.6, "duration": 9197.476735305787}