{"accuracy": {"pass@1": 0.8402439024390245}, "prompt_tokens": 31449.8, "completion_tokens": 9979.2, "duration": 668.6101033687592}