{"accuracy": {"pass@7": 0.7810467479674796}, "prompt_tokens": 215089.0, "completion_tokens": 69316.8, "duration": 4582.742895770073}