{"accuracy": {"pass@1": 0.7817073170731709}, "prompt_tokens": 60848.5, "completion_tokens": 10738.4, "duration": 458.05556988716125}