{"accuracy": {"pass@1": 0.8292682926829268}, "prompt_tokens": 10592.0, "completion_tokens": 3395.1, "duration": 175.6225768327713}