{"accuracy": {"pass@1": 0.8682926829268293}, "prompt_tokens": 70270.4, "completion_tokens": 18672.7, "duration": 1063.434645152092}