{"accuracy": {"pass@1": 0.7719512195121951}, "prompt_tokens": 46027.8, "completion_tokens": 52667.8, "duration": 1114.0782765865326}