{"accuracy": {"pass@1": 0.8841463414634146}, "prompt_tokens": 3057.9, "completion_tokens": 1346.4, "duration": 109.83032054901123}