{"accuracy": {"pass@1": 0.7682926829268293}, "prompt_tokens": 15620.7, "completion_tokens": 7143.8, "duration": 158.464067530632}