{"accuracy": {"pass@1": 0.7012195121951219}, "prompt_tokens": 164350, "completion_tokens": 32166, "duration": 770.772004365921}