{"accuracy": {"pass@1": 0.9024390243902439}, "prompt_tokens": 3057.9, "completion_tokens": 1358.3, "duration": 115.10195236206054}