{"accuracy": {"pass@1": 0.9060975609756097}, "prompt_tokens": 27398.6, "completion_tokens": 8706.1, "duration": 661.1002817153931}