{"accuracy": {"pass@1": 0.7829268292682927}, "prompt_tokens": 265710.4, "completion_tokens": 43049.6, "duration": 1921.2572704315185}