{"accuracy": {"pass@6": 0.7798199767711963}, "prompt_tokens": 184150.2, "completion_tokens": 59131.2, "duration": 3043.2588908672333}