{"accuracy": {"pass@3": 0.7568089430894309}, "prompt_tokens": 92075.1, "completion_tokens": 29565.6, "duration": 1521.6294454336166}