{"accuracy": {"pass@8": 0.7836043360433604}, "prompt_tokens": 245816.0, "completion_tokens": 79219.2, "duration": 5237.420452308655}