{"accuracy": {"pass@1": 0.9414634146341464}, "prompt_tokens": 56553.6, "completion_tokens": 13858.2, "duration": 1299.0425721645356}