{"accuracy": {"pass@1": 0.8475609756097561}, "prompt_tokens": 60524.6, "completion_tokens": 8120.0, "duration": 347.9261734008789}