{"accuracy": {"pass@7": 0.9239329268292683}, "prompt_tokens": 740613.3, "completion_tokens": 238299.6, "duration": 12623.65766980648}