{"accuracy": {"pass@1": 0.8628048780487805}, "prompt_tokens": 13523.8, "completion_tokens": 8280.0, "duration": 491.35155363082885}