{"accuracy": {"pass@1": 0.7804878048780488}, "prompt_tokens": 149661.3, "completion_tokens": 27338.7, "duration": 799.2635231971741}