{"accuracy": {"pass@1": 0.9396341463414634}, "prompt_tokens": 126038.7, "completion_tokens": 27751.4, "duration": 2395.7356127977373}