{"accuracy": {"pass@1": 0.8195121951219513}, "prompt_tokens": 111094.4, "completion_tokens": 17413.1, "duration": 607.8790589809417}