{"accuracy": {"pass@7": 0.9251524390243904}, "prompt_tokens": 214053.0, "completion_tokens": 95564.7, "duration": 7663.1871976614}