{"accuracy": {"pass@3": 0.7545223577235772}, "prompt_tokens": 92181.0, "completion_tokens": 29707.2, "duration": 1964.0326696157456}