{"accuracy": {"pass@5": 0.8963656600851723}, "prompt_tokens": 152895.0, "completion_tokens": 68035.5, "duration": 5309.298182725906}