{"accuracy": {"pass@9": 0.9353658536585366}, "prompt_tokens": 275211.0, "completion_tokens": 122868.9, "duration": 9852.669254136086}