{"accuracy": {"pass@1": 0.7926829268292683}, "prompt_tokens": 258440, "completion_tokens": 64768, "duration": 3750.227506160736}