{"accuracy": {"pass@1": 0.9414634146341464}, "prompt_tokens": 64954.0, "completion_tokens": 16195.5, "duration": 1164.8807547092438}