{"accuracy": {"pass@5": 0.9045441347270616}, "prompt_tokens": 529608.0, "completion_tokens": 171061.5, "duration": 11567.745892763138}