{"accuracy": {"pass@1": 0.8390243902439024}, "prompt_tokens": 50567.6, "completion_tokens": 68735.4, "duration": 1216.51882147789}