{"accuracy": {"pass@1": 0.7804878048780488}, "prompt_tokens": 11103.7, "completion_tokens": 4371.0, "duration": 169.30145986080169}