{"accuracy": {"pass@4": 0.846341463414634}, "prompt_tokens": 642638.4, "completion_tokens": 369767.2, "duration": 18394.953470611574}