{"accuracy": {"pass@1": 0.8658536585365854}, "prompt_tokens": 62562.4, "completion_tokens": 14792.0, "duration": 1355.3614344120026}