{"accuracy": {"pass@6": 0.8238966318234611}, "prompt_tokens": 687523.8, "completion_tokens": 269589.0, "duration": 7353.978418064117}