{"accuracy": {"pass@1": 0.7390243902439024}, "prompt_tokens": 74556.7, "completion_tokens": 14812.3, "duration": 555.4356388568879}