{"accuracy": {"pass@1": 0.8871951219512195}, "prompt_tokens": 13187.0, "completion_tokens": 7140.4, "duration": 469.1174957752228}