{"accuracy": {"pass@2": 0.7192411924119241}, "prompt_tokens": 313213.8, "completion_tokens": 143374.8, "duration": 3378.771140909195}