{"accuracy": {"pass@1": 0.7658536585365854}, "prompt_tokens": 411610.0, "completion_tokens": 60874.6, "duration": 2394.8287500858305}