{"accuracy": {"pass@4": 0.8072009291521487}, "prompt_tokens": 122527.6, "completion_tokens": 39940.0, "duration": 2209.977615070343}