{"accuracy": {"pass@7": 0.9307418699186991}, "prompt_tokens": 1093643.6, "completion_tokens": 525641.2, "duration": 16624.572582507135}