{"accuracy": {"pass@1": 0.7426829268292683}, "prompt_tokens": 106092.3, "completion_tokens": 20065.0, "duration": 696.2947119712829}