{"accuracy": {"pass@8": 0.8107046070460706}, "prompt_tokens": 251556.8, "completion_tokens": 83142.4, "duration": 4901.104770469666}