{"accuracy": {"pass@1": 0.8414634146341463}, "prompt_tokens": 15525.3, "completion_tokens": 7399.8, "duration": 249.40504689216613}