{"accuracy": {"pass@8": 0.929810298102981}, "prompt_tokens": 846415.2, "completion_tokens": 272342.4, "duration": 14427.037336921692}