{"accuracy": {"pass@4": 0.8960220673635307}, "prompt_tokens": 423686.4, "completion_tokens": 136849.2, "duration": 9254.19671421051}