{"accuracy": {"pass@1": 0.9390243902439024}, "prompt_tokens": 50569.4, "completion_tokens": 12787.3, "duration": 1185.2094487190247}