{"accuracy": {"pass@3": 0.7568089430894309}, "prompt_tokens": 61383.4, "completion_tokens": 19710.4, "duration": 1014.4196302890778}