{"accuracy": {"pass@1": 0.926829268292683}, "prompt_tokens": 14971.4, "completion_tokens": 11200.6, "duration": 576.8883810043335}