{"accuracy": {"pass@6": 0.8268873403019744}, "prompt_tokens": 183791.4, "completion_tokens": 59910.0, "duration": 3314.9664226055147}