{"accuracy": {"pass@1": 0.7439024390243902}, "prompt_tokens": 38242.3, "completion_tokens": 8763.6, "duration": 411.5802906990051}