{"accuracy": {"pass@7": 0.9322662601626017}, "prompt_tokens": 202419.0, "completion_tokens": 170381.4, "duration": 7576.782749271393}