{"accuracy": {"pass@7": 0.8597560975609756}, "prompt_tokens": 1148590.1, "completion_tokens": 669621.4, "duration": 32379.68504114151}