{"accuracy": {"pass@9": 0.8140243902439024}, "prompt_tokens": 283001.4, "completion_tokens": 93535.2, "duration": 5513.742866778373}