{"accuracy": {"pass@1": 0.9280487804878048}, "prompt_tokens": 80972.1, "completion_tokens": 20892.7, "duration": 1741.43312997818}