{"accuracy": {"pass@1": 0.774390243902439}, "prompt_tokens": 16393.7, "completion_tokens": 9485.1, "duration": 458.828827047348}