{"accuracy": {"pass@9": 0.8140243902439024}, "prompt_tokens": 62889.2, "completion_tokens": 20785.6, "duration": 1225.2761926174164}