{"accuracy": {"pass@1": 0.8890243902439026}, "prompt_tokens": 100823.9, "completion_tokens": 25334.5, "duration": 1394.7347997665406}