{"accuracy": {"pass@1": 0.7073170731707317}, "prompt_tokens": 168543, "completion_tokens": 32186, "duration": 1528.607742547989}