{"accuracy": {"pass@1": 0.9237804878048781}, "prompt_tokens": 29852.0, "completion_tokens": 8208.2, "duration": 660.4733180999756}