{"accuracy": {"pass@1": 0.7646341463414634}, "prompt_tokens": 335902.6, "completion_tokens": 50769.6, "duration": 2054.53565196991}