{"accuracy": {"pass@2": 0.8842818428184283}, "prompt_tokens": 61158.0, "completion_tokens": 27126.4, "duration": 2208.1660907745363}