{"accuracy": {"pass@1": 0.9317073170731708}, "prompt_tokens": 85056.7, "completion_tokens": 21898.6, "duration": 1590.1960598230362}