{"accuracy": {"pass@1": 0.9365853658536585}, "prompt_tokens": 56644.0, "completion_tokens": 14480.7, "duration": 1058.4276108026504}