{"accuracy": {"pass@5": 0.9140534262485481}, "prompt_tokens": 152895.0, "completion_tokens": 68981.0, "duration": 5148.701362848282}