{"accuracy": {"pass@1": 0.8414634146341463}, "prompt_tokens": 6115.8, "completion_tokens": 2654.8, "duration": 200.7676556110382}