{"accuracy": {"pass@1": 0.9487804878048782}, "prompt_tokens": 62889.9, "completion_tokens": 15581.7, "duration": 980.9317567110062}