{"accuracy": {"pass@3": 0.7947154471544716}, "prompt_tokens": 492252.9, "completion_tokens": 286980.6, "duration": 13877.007874774932}