{"accuracy": {"pass@3": 0.9117886178861788}, "prompt_tokens": 86751.0, "completion_tokens": 73020.6, "duration": 3247.192606830597}