{"accuracy": {"pass@1": 0.8780487804878049}, "prompt_tokens": 3057.9, "completion_tokens": 1335.2, "duration": 109.79687149524689}