{"accuracy": {"pass@5": 0.7722125435540069}, "prompt_tokens": 153635.0, "completion_tokens": 49512.0, "duration": 3273.3877826929092}