{"accuracy": {"pass@1": 0.9365853658536587}, "prompt_tokens": 51951.8, "completion_tokens": 13548.4, "duration": 997.6952498197555}