{"accuracy": {"pass@1": 0.8939024390243903}, "prompt_tokens": 51040.7, "completion_tokens": 14374.3, "duration": 885.3694373369217}