{"accuracy": {"pass@1": 0.8268292682926829}, "prompt_tokens": 124285.2, "completion_tokens": 19142.9, "duration": 646.2658073663712}