{"accuracy": {"pass@1": 0.6701219512195121}, "prompt_tokens": 105756.5, "completion_tokens": 31032.3, "duration": 1172.579757618904}