{"accuracy": {"pass@1": 0.7682926829268293}, "prompt_tokens": 16375.0, "completion_tokens": 9466.5, "duration": 456.8218425989151}