{"accuracy": {"pass@1": 0.9024390243902439}, "prompt_tokens": 20733.6, "completion_tokens": 25287.0, "duration": 925.0332696437836}