{"accuracy": {"pass@8": 0.90840108401084}, "prompt_tokens": 244632.0, "completion_tokens": 108856.8, "duration": 8494.87709236145}