{"accuracy": {"pass@1": 0.8902439024390244}, "prompt_tokens": 92980.8, "completion_tokens": 23592.0, "duration": 1315.8609853982925}