{"accuracy": {"pass@7": 0.9384654471544717}, "prompt_tokens": 214053.0, "completion_tokens": 94942.4, "duration": 7728.581317710877}