{"accuracy": {"pass@5": 0.8658536585365854}, "prompt_tokens": 803298.0, "completion_tokens": 462209.0, "duration": 22993.691838264465}