{"accuracy": {"pass@7": 0.8336890243902438}, "prompt_tokens": 61263.8, "completion_tokens": 19970.0, "duration": 1104.9888075351714}