{"accuracy": {"pass@6": 0.9314169570267131}, "prompt_tokens": 183474.0, "completion_tokens": 81379.2, "duration": 6624.498272323608}