{"accuracy": {"pass@4": 0.7923925667828108}, "prompt_tokens": 458349.2, "completion_tokens": 179726.0, "duration": 4902.652278709412}