{"accuracy": {"pass@4": 0.7888792102206738}, "prompt_tokens": 118068.8, "completion_tokens": 73296.0, "duration": 2321.0470673561094}