{"accuracy": {"pass@8": 0.917479674796748}, "prompt_tokens": 847372.8, "completion_tokens": 273698.4, "duration": 18508.39342842102}