{"accuracy": {"pass@1": 0.8048780487804879}, "prompt_tokens": 16493.3, "completion_tokens": 9569.1, "duration": 456.34691574573515}