{"accuracy": {"pass@9": 0.8481707317073172}, "prompt_tokens": 1031285.7, "completion_tokens": 404383.5, "duration": 11030.967627096175}