{"accuracy": {"pass@9": 0.7853658536585366}, "prompt_tokens": 61454.0, "completion_tokens": 19804.8, "duration": 1309.3551130771637}