{"accuracy": {"pass@1": 0.9054878048780488}, "prompt_tokens": 13792.0, "completion_tokens": 8420.8, "duration": 507.3230308055878}