{"accuracy": {"pass@1": 0.8939024390243903}, "prompt_tokens": 68564.7, "completion_tokens": 18240.5, "duration": 1069.8051021575927}