{"accuracy": {"pass@1": 0.7804878048780488}, "prompt_tokens": 81722.6, "completion_tokens": 15866.2, "duration": 892.5869870185852}