{"accuracy": {"pass@1": 0.8841463414634146}, "prompt_tokens": 3057.9, "completion_tokens": 1345.5, "duration": 109.46894540786744}