{"accuracy": {"pass@1": 0.8719512195121951}, "prompt_tokens": 3057.9, "completion_tokens": 1335.9, "duration": 109.26130802631378}