{"accuracy": {"pass@1": 0.7865853658536586}, "prompt_tokens": 38917.8, "completion_tokens": 33758.2, "duration": 911.7535379886627}