{"accuracy": {"pass@1": 0.8365853658536585}, "prompt_tokens": 151490.1, "completion_tokens": 22740.1, "duration": 731.4497813940048}