{"accuracy": {"pass@10": 0.9146341463414634}, "prompt_tokens": 305790.0, "completion_tokens": 136071.0, "duration": 10618.596365451813}