{"accuracy": {"pass@7": 0.811839430894309}, "prompt_tokens": 1096248.3, "completion_tokens": 501811.8, "duration": 11825.698993182183}