{"accuracy": {"pass@1": 0.8963414634146342}, "prompt_tokens": 15568.9, "completion_tokens": 7443.1, "duration": 248.8623317718506}