{"accuracy": {"pass@1": 0.6603658536585366}, "prompt_tokens": 29517.2, "completion_tokens": 18324.0, "duration": 580.2617668390274}