{"accuracy": {"pass@1": 0.676829268292683}, "prompt_tokens": 11069.5, "completion_tokens": 4280.3, "duration": 173.83634157180785}