{"accuracy": {"pass@9": 0.873170731707317}, "prompt_tokens": 1476758.7, "completion_tokens": 860941.8, "duration": 41631.0236243248}