{"accuracy": {"pass@9": 0.9371951219512195}, "prompt_tokens": 260253.0, "completion_tokens": 219061.8, "duration": 9741.577820491791}