{"accuracy": {"pass@1": 0.8658536585365854}, "prompt_tokens": 96036.1, "completion_tokens": 24509.7, "duration": 1323.749411201477}