{"accuracy": {"pass@1": 0.7524390243902439}, "prompt_tokens": 56671.1, "completion_tokens": 11834.5, "duration": 478.27151772975924}