{"accuracy": {"pass@5": 0.7965543941153697}, "prompt_tokens": 157223.0, "completion_tokens": 51964.0, "duration": 3063.190481543541}