{"accuracy": {"pass@1": 0.7902439024390243}, "prompt_tokens": 46760.6, "completion_tokens": 54737.8, "duration": 1063.4419600963593}