{"accuracy": {"pass@10": 0.7926829268292683}, "prompt_tokens": 306917.0, "completion_tokens": 98552.0, "duration": 5072.098151445389}