{"accuracy": {"pass@1": 0.7865853658536586}, "prompt_tokens": 3087.5, "completion_tokens": 1040.8, "duration": 65.12437012195588}