{"accuracy": {"pass@1": 0.8414634146341463}, "prompt_tokens": 6115.8, "completion_tokens": 2735.6, "duration": 193.4920563697815}