{"accuracy": {"pass@5": 0.9234901277584205}, "prompt_tokens": 152895.0, "completion_tokens": 67816.0, "duration": 5520.41522693634}