{"accuracy": {"pass@1": 0.7853658536585366}, "prompt_tokens": 56187.6, "completion_tokens": 80289.2, "duration": 1428.7675888061524}