{"accuracy": {"pass@2": 0.8792682926829269}, "prompt_tokens": 61158.0, "completion_tokens": 27592.4, "duration": 2059.4805451393127}