{"accuracy": {"pass@7": 0.8069105691056911}, "prompt_tokens": 220112.2, "completion_tokens": 72749.6, "duration": 4288.466674160957}