{"accuracy": {"pass@2": 0.8552845528455284}, "prompt_tokens": 211603.8, "completion_tokens": 68085.6, "duration": 3606.759334230423}