{"accuracy": {"pass@1": 0.6829268292682927}, "prompt_tokens": 17149.4, "completion_tokens": 9972.3, "duration": 465.53743493556976}