{"accuracy": {"pass@4": 0.8907665505226481}, "prompt_tokens": 122316.0, "completion_tokens": 54428.4, "duration": 4247.438546180725}