{"accuracy": {"pass@1": 0.8292682926829268}, "prompt_tokens": 135459, "completion_tokens": 24712, "duration": 1357.4730246067047}