{"accuracy": {"pass@1": 0.846951219512195}, "prompt_tokens": 30579.0, "completion_tokens": 13652.1, "duration": 1094.7410282373428}