{"accuracy": {"pass@1": 0.7804878048780488}, "prompt_tokens": 3087.5, "completion_tokens": 1031.7, "duration": 65.20234656333923}