{"accuracy": {"pass@1": 0.7853658536585366}, "prompt_tokens": 293846.4, "completion_tokens": 47221.2, "duration": 2070.292557954788}