{"accuracy": {"pass@10": 0.7926829268292683}, "prompt_tokens": 61383.4, "completion_tokens": 19710.4, "duration": 1014.4196302890778}