{"accuracy": {"pass@1": 0.7670731707317073}, "prompt_tokens": 376201.8, "completion_tokens": 56381.4, "duration": 2240.0110783576965}