{"accuracy": {"pass@1": 0.7621951219512195}, "prompt_tokens": 3087.5, "completion_tokens": 1021.2, "duration": 64.70487580299377}