{"accuracy": {"pass@1": 0.9024390243902439}, "prompt_tokens": 3057.9, "completion_tokens": 1342.5, "duration": 115.7628543138504}