{"accuracy": {"pass@1": 0.9414634146341462}, "prompt_tokens": 49449.9, "completion_tokens": 12859.9, "duration": 837.0913803815841}