{"accuracy": {"pass@1": 0.7060975609756097}, "prompt_tokens": 61454.0, "completion_tokens": 19804.8, "duration": 1309.3551130771637}