{"accuracy": {"pass@1": 0.7621951219512195}, "prompt_tokens": 10600.6, "completion_tokens": 3148.7, "duration": 126.62891829013824}