{"accuracy": {"pass@1": 0.774390243902439}, "prompt_tokens": 3087.5, "completion_tokens": 1023.5, "duration": 65.57702100276947}