{"accuracy": {"pass@1": 0.8451219512195122}, "prompt_tokens": 30579.0, "completion_tokens": 13563.2, "duration": 1104.0830453872682}