{"accuracy": {"pass@8": 0.81029810298103}, "prompt_tokens": 846052.0, "completion_tokens": 248258.4, "duration": 9380.638060951233}