{"accuracy": {"pass@1": 0.8292682926829268}, "prompt_tokens": 135424, "completion_tokens": 24733, "duration": 1384.5570061206818}