{"accuracy": {"pass@3": 0.7760162601626017}, "prompt_tokens": 94333.8, "completion_tokens": 31178.4, "duration": 1837.9142889261245}