{"accuracy": {"pass@1": 0.7439024390243902}, "prompt_tokens": 85976, "completion_tokens": 20910, "duration": 1153.229636669159}