{"accuracy": {"pass@1": 0.8048780487804879}, "prompt_tokens": 100402.2, "completion_tokens": 15793.5, "duration": 709.3749552488327}