{"accuracy": {"pass@2": 0.7383468834688346}, "prompt_tokens": 61383.4, "completion_tokens": 19710.4, "duration": 1014.4196302890778}