{"accuracy": {"pass@6": 0.7773809523809524}, "prompt_tokens": 184362.0, "completion_tokens": 59414.4, "duration": 3928.065339231491}