{"accuracy": {"pass@10": 0.9390243902439024}, "prompt_tokens": 234227.7, "completion_tokens": 197550.9, "duration": 8803.69461493492}