{"accuracy": {"pass@1": 0.9365853658536585}, "prompt_tokens": 112171.4, "completion_tokens": 25655.5, "duration": 2205.4034566640853}