{"accuracy": {"pass@6": 0.7933507549361207}, "prompt_tokens": 634539.0, "completion_tokens": 186193.8, "duration": 7035.478545713425}