{"accuracy": {"pass@1": 0.7439024390243902}, "prompt_tokens": 124393, "completion_tokens": 27527, "duration": 1615.100055217743}