{"accuracy": {"pass@1": 0.8121951219512195}, "prompt_tokens": 95725.5, "completion_tokens": 15373.4, "duration": 561.5752587080002}