{"accuracy": {"pass@1": 0.9323170731707318}, "prompt_tokens": 90182.1, "completion_tokens": 22379.9, "duration": 1881.1652158737184}