{"accuracy": {"pass@1": 0.9341463414634146}, "prompt_tokens": 97292.2, "completion_tokens": 23360.4, "duration": 1987.9734715223312}