{"accuracy": {"pass@1": 0.7195121951219512}, "prompt_tokens": 85569, "completion_tokens": 20081, "duration": 1084.5020368099213}