{"accuracy": {"pass@2": 0.8747967479674796}, "prompt_tokens": 61158.0, "completion_tokens": 27304.2, "duration": 2189.4820564746856}