{"accuracy": {"pass@4": 0.9141114982578397}, "prompt_tokens": 122316.0, "completion_tokens": 54252.8, "duration": 4416.332181549073}