{"accuracy": {"pass@8": 0.8392953929539295}, "prompt_tokens": 245055.2, "completion_tokens": 79880.0, "duration": 4419.955230140686}