{"accuracy": {"pass@1": 0.6756097560975609}, "prompt_tokens": 105766.4, "completion_tokens": 30756.2, "duration": 1348.0939362049103}