{"accuracy": {"pass@1": 0.9463414634146341}, "prompt_tokens": 135849.9, "completion_tokens": 30962.8, "duration": 2192.0481823444366}