{"accuracy": {"pass@3": 0.7660569105691056}, "prompt_tokens": 343761.9, "completion_tokens": 134794.5, "duration": 3676.9892090320586}