{"accuracy": {"pass@9": 0.8439024390243903}, "prompt_tokens": 275687.1, "completion_tokens": 89865.0, "duration": 4972.449633908272}