{"accuracy": {"pass@1": 0.7975609756097561}, "prompt_tokens": 88446.0, "completion_tokens": 14311.7, "duration": 649.4792929887772}