{"accuracy": {"pass@3": 0.8195121951219511}, "prompt_tokens": 481978.8, "completion_tokens": 277325.4, "duration": 13796.215102958678}