{"accuracy": {"pass@1": 0.725609756097561}, "prompt_tokens": 30875, "completion_tokens": 9982, "duration": 821.653222322464}