{"accuracy": {"pass@1": 0.8719512195121951}, "prompt_tokens": 87708.1, "completion_tokens": 22669.3, "duration": 1239.997597694397}