{"accuracy": {"pass@1": 0.8658536585365854}, "prompt_tokens": 3057.9, "completion_tokens": 1337.3, "duration": 109.29029700756072}