{"accuracy": {"pass@1": 0.676829268292683}, "prompt_tokens": 105860, "completion_tokens": 30881, "duration": 1457.9406669139862}