{"accuracy": {"pass@9": 0.9432926829268292}, "prompt_tokens": 1406215.8, "completion_tokens": 677029.5, "duration": 22866.095545077325}