{"accuracy": {"pass@1": 0.795121951219512}, "prompt_tokens": 41093.2, "completion_tokens": 40408.6, "duration": 999.2756340980529}