{"accuracy": {"pass@1": 0.8414634146341463}, "prompt_tokens": 300331.6, "completion_tokens": 40136.4, "duration": 1709.7499726772307}