{"accuracy": {"pass@1": 0.6463414634146342}, "prompt_tokens": 83551, "completion_tokens": 51189, "duration": 1136.0886709690094}