{"accuracy": {"pass@1": 0.8268292682926829}, "prompt_tokens": 126047.4, "completion_tokens": 19388.8, "duration": 652.3832786083221}