{"accuracy": {"pass@1": 0.725609756097561}, "prompt_tokens": 15202.2, "completion_tokens": 3840.4, "duration": 175.77549352645875}