{"accuracy": {"pass@1": 0.8414634146341463}, "prompt_tokens": 38016.8, "completion_tokens": 6578.0, "duration": 231.44463829994203}