{"accuracy": {"pass@1": 0.6951219512195121}, "prompt_tokens": 15437.5, "completion_tokens": 4990.0, "duration": 329.01049542427063}