{"accuracy": {"pass@1": 0.8317073170731708}, "prompt_tokens": 228349.2, "completion_tokens": 32364.0, "duration": 1438.4445431232452}