{"accuracy": {"pass@1": 0.9024390243902439}, "prompt_tokens": 17338.8, "completion_tokens": 17419.0, "duration": 719.5119061946868}