{"accuracy": {"pass@4": 0.9063298490127759}, "prompt_tokens": 122316.0, "completion_tokens": 55184.8, "duration": 4118.961090278625}