{"accuracy": {"pass@1": 0.8689024390243902}, "prompt_tokens": 49703.6, "completion_tokens": 12425.8, "duration": 1117.8381352424622}