{"accuracy": {"pass@1": 0.9451219512195121}, "prompt_tokens": 7562.2, "completion_tokens": 6251.8, "duration": 290.3823484420776}