{"accuracy": {"pass@1": 0.7024390243902439}, "prompt_tokens": 30638.2, "completion_tokens": 9938.4, "duration": 672.5190240859986}