{"accuracy": {"pass@1": 0.8609756097560974}, "prompt_tokens": 28917.0, "completion_tokens": 24340.2, "duration": 1082.397535610199}