{"accuracy": {"pass@1": 0.6682926829268292}, "prompt_tokens": 164084.3, "completion_tokens": 95660.2, "duration": 4625.669291591645}