{"accuracy": {"pass@1": 0.9146341463414634}, "prompt_tokens": 14274.6, "completion_tokens": 9436.6, "duration": 535.9682915687561}