{"accuracy": {"pass@1": 0.6585365853658537}, "prompt_tokens": 71653, "completion_tokens": 85187, "duration": 1878.065771818161}