{"accuracy": {"pass@7": 0.8118394308943089}, "prompt_tokens": 1096248.3, "completion_tokens": 501811.8, "duration": 11825.698993182183}