{"accuracy": {"pass@1": 0.6951219512195121}, "prompt_tokens": 3087.5, "completion_tokens": 998.0, "duration": 65.80209908485412}