{"accuracy": {"pass@1": 0.774390243902439}, "prompt_tokens": 15634.1, "completion_tokens": 7155.6, "duration": 158.3952287912369}