{"accuracy": {"pass@1": 0.8624661246612467}, "prompt_tokens": 26025.3, "completion_tokens": 21950.1, "duration": 978.1882905483246}