{"accuracy": {"pass@5": 0.7965543941153697}, "prompt_tokens": 62889.2, "completion_tokens": 20785.6, "duration": 1225.2761926174164}