{"accuracy": {"pass@5": 0.7745112272551297}, "prompt_tokens": 153458.5, "completion_tokens": 49276.0, "duration": 2536.0490757226944}