{"accuracy": {"pass@1": 0.6951219512195121}, "prompt_tokens": 10972.9, "completion_tokens": 4258.4, "duration": 171.05250582695007}