{"accuracy": {"pass@7": 0.7839939024390243}, "prompt_tokens": 214841.9, "completion_tokens": 68986.4, "duration": 3550.468706011772}