{"accuracy": {"pass@1": 0.9213414634146341}, "prompt_tokens": 71690.8, "completion_tokens": 19574.3, "duration": 1600.5476885318756}