{"accuracy": {"pass@1": 0.8914634146341462}, "prompt_tokens": 76941.1, "completion_tokens": 20058.8, "duration": 1152.087058377266}