{"accuracy": {"pass@1": 0.8597560975609756}, "prompt_tokens": 3057.9, "completion_tokens": 1335.8, "duration": 109.5562945842743}