{"accuracy": {"pass@1": 0.7439024390243902}, "prompt_tokens": 3087.5, "completion_tokens": 1002.9, "duration": 66.78754258155823}