{"accuracy": {"pass@9": 0.9115853658536586}, "prompt_tokens": 275211.0, "completion_tokens": 122463.9, "duration": 9556.736728906631}