{"accuracy": {"pass@1": 0.7317073170731707}, "prompt_tokens": 3087.5, "completion_tokens": 983.2, "duration": 66.33503382205963}