{"accuracy": {"pass@1": 0.7524390243902439}, "prompt_tokens": 175950.2, "completion_tokens": 29669.2, "duration": 1351.6734354019165}