{"accuracy": {"pass@4": 0.7768583042973288}, "prompt_tokens": 626427.6, "completion_tokens": 286749.6, "duration": 6757.54228181839}