{"accuracy": {"pass@1": 0.7195121951219512}, "prompt_tokens": 10961.5, "completion_tokens": 4251.1, "duration": 168.24229948520662}