{"accuracy": {"pass@9": 0.9365853658536587}, "prompt_tokens": 1406113.2, "completion_tokens": 675824.4, "duration": 21374.450463223457}