{"accuracy": {"pass@1": 0.8085365853658536}, "prompt_tokens": 146338.4, "completion_tokens": 23059.4, "duration": 1142.497777557373}