{"accuracy": {"pass@1": 0.8597560975609756}, "prompt_tokens": 30579, "completion_tokens": 13951, "duration": 962.6497073173523}