{"accuracy": {"pass@1": 0.8597560975609756}, "prompt_tokens": 6115.8, "completion_tokens": 2790.2, "duration": 192.52994146347046}