{"accuracy": {"pass@1": 0.7536585365853659}, "prompt_tokens": 117347.6, "completion_tokens": 22501.2, "duration": 1161.595735645294}