{"accuracy": {"pass@1": 0.8304878048780487}, "prompt_tokens": 138151.0, "completion_tokens": 20979.5, "duration": 692.5301931858063}