{"accuracy": {"pass@1": 0.8402439024390245}, "prompt_tokens": 167039.4, "completion_tokens": 24844.7, "duration": 778.5930328845977}