{"accuracy": {"pass@9": 0.9512195121951219}, "prompt_tokens": 275211.0, "completion_tokens": 122068.8, "duration": 9936.747408485413}