{"accuracy": {"pass@1": 0.8499999999999999}, "prompt_tokens": 30579.0, "completion_tokens": 13604.6, "duration": 993.913710308075}