{"accuracy": {"pass@1": 0.676829268292683}, "prompt_tokens": 15593.2, "completion_tokens": 7092.4, "duration": 152.30542438030244}