{"accuracy": {"pass@1": 0.773170731707317}, "prompt_tokens": 209711.4, "completion_tokens": 35303.6, "duration": 1631.560604429245}