{"accuracy": {"pass@1": 0.7378048780487805}, "prompt_tokens": 3087.5, "completion_tokens": 996.3, "duration": 66.59934418201446}