{"accuracy": {"pass@1": 0.9304878048780489}, "prompt_tokens": 43410.1, "completion_tokens": 11541.7, "duration": 1042.900555562973}