{"accuracy": {"pass@3": 0.7760162601626017}, "prompt_tokens": 62889.2, "completion_tokens": 20785.6, "duration": 1225.2761926174164}