{"accuracy": {"pass@1": 0.8597560975609756}, "prompt_tokens": 10600.0, "completion_tokens": 3411.4, "duration": 175.89155769348145}