{"accuracy": {"pass@1": 0.9054878048780488}, "prompt_tokens": 23356.0, "completion_tokens": 7103.8, "duration": 567.2962597846985}