{"accuracy": {"pass@1": 0.8963414634146342}, "prompt_tokens": 3057.9, "completion_tokens": 1338.0, "duration": 114.46446776390076}