{"accuracy": {"pass@6": 0.8023519163763067}, "prompt_tokens": 188667.6, "completion_tokens": 62356.8, "duration": 3675.828577852249}