{"accuracy": {"pass@1": 0.6865853658536585}, "prompt_tokens": 160659.6, "completion_tokens": 92441.8, "duration": 4598.738367652893}