{"accuracy": {"pass@5": 0.9255226480836236}, "prompt_tokens": 130126.5, "completion_tokens": 109750.5, "duration": 4890.941452741623}