{"accuracy": {"pass@8": 0.9411924119241193}, "prompt_tokens": 1249969.6, "completion_tokens": 601804.0, "duration": 20325.418262290954}