{"accuracy": {"pass@4": 0.7649535423925667}, "prompt_tokens": 61454.0, "completion_tokens": 19804.8, "duration": 1309.3551130771637}