{"accuracy": {"pass@10": 0.7865853658536586}, "prompt_tokens": 307270.0, "completion_tokens": 99024.0, "duration": 6546.7755653858185}