{
    "Zero-Shot": {
        "accuracy": 0.7024390243902439,
        "prompt_tokens": 30638.2,
        "completion_tokens": 9938.4,
        "costs": 0.0302267
    },
    "SCoT": {
        "accuracy": 0.6756097560975609,
        "prompt_tokens": 105766.4,
        "completion_tokens": 30756.2,
        "costs": 0.09901750000000001
    },
    "Synth. Few-Shots": {
        "accuracy": 0.65,
        "prompt_tokens": 74199.4,
        "completion_tokens": 84703.6,
        "costs": 0.1641551
    },
    "Synth. Few-Shots (split)": {
        "accuracy": 0.6463414634146342,
        "prompt_tokens": 156552.6,
        "completion_tokens": 71425.8,
        "costs": 0.18541500000000002
    },
    "Chain-of-Thought": {
        "accuracy": 0.6707317073170732,
        "prompt_tokens": 28917.0,
        "completion_tokens": 18158.4,
        "costs": 0.0416961
    }
}