{
    "Zero-Shot": {
        "accuracy": 0.8499999999999999,
        "prompt_tokens": 30579.0,
        "completion_tokens": 13604.6,
        "costs": 0.713928
    },
    "SCoT": {
        "accuracy": 0.8109756097560976,
        "prompt_tokens": 105727.0,
        "completion_tokens": 34108.0,
        "costs": 2.08051
    },
    "Synth. Few-Shot": {
        "accuracy": 0.8426829268292683,
        "prompt_tokens": 75793.4,
        "completion_tokens": 92937.0,
        "costs": 3.546044
    },
    "Synth. Few-Shot (split)": {
        "accuracy": 0.848780487804878,
        "prompt_tokens": 156483.8,
        "completion_tokens": 75214.8,
        "costs": 3.821282
    },
    "Chain-of-Thought": {
        "accuracy": 0.8707317073170733,
        "prompt_tokens": 28917.0,
        "completion_tokens": 24413.6,
        "costs": 1.0215779999999999
    }
}