{"accuracy": {"pass@2": 0.752981029810298}, "prompt_tokens": 62889.2, "completion_tokens": 20785.6, "duration": 1225.2761926174164}