{"accuracy": {"pass@1": 0.7707317073170732}, "prompt_tokens": 181578.4, "completion_tokens": 31565.2, "duration": 1496.7443477630616}