{"accuracy": {"pass@1": 0.7621951219512195}, "prompt_tokens": 299413.4, "completion_tokens": 46170.0, "duration": 1899.8091492652893}