{"accuracy": {"pass@1": 0.9390243902439024}, "prompt_tokens": 119962.7, "completion_tokens": 26895.0, "duration": 2312.7582862377167}