{"accuracy": {"pass@1": 0.9024390243902439}, "prompt_tokens": 10370.0, "completion_tokens": 12519.6, "duration": 473.2671489238739}