{"accuracy": {"pass@1": 0.8597560975609756}, "prompt_tokens": 3057.9, "completion_tokens": 1335.2, "duration": 109.5481992006302}