{"accuracy": {"pass@1": 0.7609756097560976}, "prompt_tokens": 74071.5, "completion_tokens": 14754.7, "duration": 536.510048031807}