{"accuracy": {"pass@4": 0.7885307781649245}, "prompt_tokens": 125778.4, "completion_tokens": 41571.2, "duration": 2450.552385234833}