{"accuracy": {"pass@1": 0.9353658536585366}, "prompt_tokens": 44838.2, "completion_tokens": 11928.3, "duration": 789.5941576242446}