{"accuracy": {"pass@1": 0.7682926829268293}, "prompt_tokens": 10603.4, "completion_tokens": 3155.7, "duration": 125.8541626214981}