{"accuracy": {"pass@3": 0.7547764227642277}, "prompt_tokens": 469820.7, "completion_tokens": 215062.2, "duration": 5068.156711363792}