{"accuracy": {"pass@1": 0.8048780487804879}, "prompt_tokens": 264438, "completion_tokens": 26878, "duration": 1108.5251126289368}