{"accuracy": {"pass@1": 0.8109756097560976}, "prompt_tokens": 105600, "completion_tokens": 34567, "duration": 1862.4423685073853}