{"accuracy": {"pass@1": 0.7926829268292683}, "prompt_tokens": 16498.4, "completion_tokens": 9586.3, "duration": 457.45020751953126}