{"accuracy": {"pass@1": 0.7792682926829269}, "prompt_tokens": 120802.4, "completion_tokens": 22562.5, "duration": 700.0204527378082}