{"accuracy": {"pass@1": 0.7804878048780488}, "prompt_tokens": 15635.2, "completion_tokens": 7157.1, "duration": 158.44699959754945}