{"accuracy": {"pass@9": 0.7902439024390245}, "prompt_tokens": 276225.3, "completion_tokens": 88696.8, "duration": 4564.88833630085}