{"accuracy": {"pass@1": 0.8963414634146342}, "prompt_tokens": 3057.9, "completion_tokens": 1345.1, "duration": 113.67212295532227}