{"accuracy": {"pass@1": 0.8536585365853658}, "prompt_tokens": 3057.9, "completion_tokens": 1294.9, "duration": 100.46033329963684}