{"accuracy": {"pass@1": 0.7865853658536586}, "prompt_tokens": 198848, "completion_tokens": 36135, "duration": 3965.832628965378}