{"accuracy": {"pass@1": 0.8292682926829268}, "prompt_tokens": 201547.8, "completion_tokens": 29251.2, "duration": 1341.6924974441529}