{"accuracy": {"pass@1": 0.7512195121951218}, "prompt_tokens": 33665.4, "completion_tokens": 18722.2, "duration": 772.9119260787963}