{"accuracy": {"pass@8": 0.8186991869918698}, "prompt_tokens": 1252855.2, "completion_tokens": 573499.2, "duration": 13515.08456363678}