{"accuracy": {"pass@1": 0.8597560975609756}, "prompt_tokens": 26386.6, "completion_tokens": 8105.4, "duration": 676.367330789566}