{"accuracy": {"pass@9": 0.8170731707317073}, "prompt_tokens": 951808.5, "completion_tokens": 279290.7, "duration": 10553.217818570138}