{"accuracy": {"pass@1": 0.7439024390243902}, "prompt_tokens": 15598.3, "completion_tokens": 7120.9, "duration": 156.45778794288634}