{"accuracy": {"pass@2": 0.7383468834688347}, "prompt_tokens": 61454.0, "completion_tokens": 19804.8, "duration": 1309.3551130771637}