{"accuracy": {"pass@10": 0.9573170731707317}, "prompt_tokens": 305790.0, "completion_tokens": 135632.0, "duration": 11040.83045387268}