{"accuracy": {"pass@1": 0.8841463414634146}, "prompt_tokens": 3057.9, "completion_tokens": 1344.0, "duration": 110.07269659042359}