{"accuracy": {"pass@9": 0.8439024390243903}, "prompt_tokens": 61263.8, "completion_tokens": 19970.0, "duration": 1104.9888075351714}