{"accuracy": {"pass@1": 0.774390243902439}, "prompt_tokens": 80623.8, "completion_tokens": 11906.6, "duration": 482.60881371498107}