{"accuracy": {"pass@1": 0.9329268292682927}, "prompt_tokens": 40759.6, "completion_tokens": 9826.0, "duration": 826.0769279956818}