{"accuracy": {"pass@10": 0.8475609756097561}, "prompt_tokens": 306319.0, "completion_tokens": 99850.0, "duration": 5524.9440376758575}