{"accuracy": {"pass@1": 0.8109756097560976}, "prompt_tokens": 105727.0, "completion_tokens": 34108.0, "duration": 1783.227141571045}