{"accuracy": {"pass@2": 0.7528455284552845}, "prompt_tokens": 328168.6, "completion_tokens": 191320.4, "duration": 9251.33858318329}