{"accuracy": {"pass@2": 0.8974254742547425}, "prompt_tokens": 57834.0, "completion_tokens": 48680.4, "duration": 2164.795071220398}