{"accuracy": {"pass@1": 0.7926829268292683}, "prompt_tokens": 44814.2, "completion_tokens": 8542.4, "duration": 269.7356556892395}