{"accuracy": {"pass@1": 0.725609756097561}, "prompt_tokens": 3087.5, "completion_tokens": 985.5, "duration": 65.9149079322815}