{"accuracy": {"pass@1": 0.8024390243902441}, "prompt_tokens": 52070.0, "completion_tokens": 69743.6, "duration": 1190.681288576126}