{"accuracy": {"pass@1": 0.9207317073170732}, "prompt_tokens": 34108.0, "completion_tokens": 9843.4, "duration": 680.7776653289795}