{"accuracy": {"pass@1": 0.8475609756097561}, "prompt_tokens": 10087.4, "completion_tokens": 13536.6, "duration": 334.98466911315916}