{"accuracy": {"pass@1": 0.6951219512195121}, "prompt_tokens": 30579, "completion_tokens": 9829, "duration": 604.796139717102}