{"accuracy": {"pass@1": 0.8841463414634146}, "prompt_tokens": 3057.9, "completion_tokens": 1328.6, "duration": 114.07072904109955}