{"accuracy": {"pass@3": 0.9108739837398373}, "prompt_tokens": 468738.6, "completion_tokens": 225676.5, "duration": 7622.031848359108}