{"accuracy": {"pass@1": 0.8097560975609757}, "prompt_tokens": 56947.4, "completion_tokens": 84151.0, "duration": 1317.9662353038789}