{"accuracy": {"pass@1": 0.7134146341463414}, "prompt_tokens": 30579.0, "completion_tokens": 10003.0, "duration": 680.5758013725281}