{"accuracy": {"pass@1": 0.9134146341463415}, "prompt_tokens": 57301.1, "completion_tokens": 17199.4, "duration": 1284.7517067193985}