{"accuracy": {"pass@1": 0.7865853658536586}, "prompt_tokens": 3087.5, "completion_tokens": 1037.7, "duration": 64.93505136966705}