{"accuracy": {"pass@10": 0.9390243902439024}, "prompt_tokens": 1562348.0, "completion_tokens": 750916.0, "duration": 23749.38940358162}