{"accuracy": {"pass@1": 0.7609756097560976}, "prompt_tokens": 132780.4, "completion_tokens": 28326.2, "duration": 1068.3633058071136}