{"accuracy": {"pass@1": 0.7621951219512195}, "prompt_tokens": 3087.5, "completion_tokens": 1019.2, "duration": 65.06794979572297}