{"accuracy": {"pass@9": 0.824390243902439}, "prompt_tokens": 1409462.1, "completion_tokens": 645186.6, "duration": 15204.470134091378}