{"accuracy": {"pass@1": 0.9298780487804879}, "prompt_tokens": 34101.0, "completion_tokens": 8797.6, "duration": 718.0667494773865}