{"accuracy": {"pass@1": 0.8902439024390244}, "prompt_tokens": 15577.4, "completion_tokens": 7453.7, "duration": 249.52159399986266}