{"accuracy": {"pass@1": 0.7378048780487805}, "prompt_tokens": 90617.8, "completion_tokens": 17504.8, "duration": 624.8676436662674}