{"accuracy": {"pass@1": 0.9329268292682927}, "prompt_tokens": 15701.8, "completion_tokens": 13391.4, "duration": 622.2055307865143}