{"accuracy": {"pass@1": 0.9176829268292683}, "prompt_tokens": 14682.4, "completion_tokens": 10349.0, "duration": 559.5492599010468}