{"accuracy": {"pass@5": 0.7920780100658149}, "prompt_tokens": 783034.5, "completion_tokens": 358437.0, "duration": 8446.927852272987}