{"accuracy": {"pass@1": 0.7963414634146341}, "prompt_tokens": 49481.2, "completion_tokens": 62388.8, "duration": 1128.1802144050598}