{"accuracy": {"pass@10": 0.9390243902439024}, "prompt_tokens": 289170.0, "completion_tokens": 243402.0, "duration": 10823.97535610199}