{"accuracy": {"pass@1": 0.8195121951219513}, "prompt_tokens": 109621.3, "completion_tokens": 17204.3, "duration": 602.6838856458664}