{"accuracy": {"pass@1": 0.9329268292682927}, "prompt_tokens": 47011.8, "completion_tokens": 12521.9, "duration": 926.0543065547943}