{"accuracy": {"pass@1": 0.8902439024390244}, "prompt_tokens": 3057.9, "completion_tokens": 1343.5, "duration": 113.66535394191742}