{
    "Zero-Shot": {
        "gpt-3.5-turbo": {
            "accuracy": 0.725609756097561,
            "prompt_tokens": 30875,
            "completion_tokens": 9982,
            "duration": 821.653222322464,
            "costs": 0.0304105
        },
        "gpt-4-turbo": {
            "accuracy": 0.8597560975609756,
            "prompt_tokens": 30579,
            "completion_tokens": 13951,
            "duration": 962.6497073173523,
            "costs": 0.72432
        }
    },
    "Tests: gpt-4-turbo": {
        "gpt-3.5-turbo": {
            "accuracy": 0.7012195121951219,
            "prompt_tokens": 164350,
            "completion_tokens": 32166,
            "duration": 770.772004365921,
            "costs": 0.13042399999999998
        },
        "gpt-4-turbo": {
            "accuracy": 0.7926829268292683,
            "prompt_tokens": 258440,
            "completion_tokens": 64768,
            "duration": 3750.227506160736,
            "costs": 4.52744
        }
    },
    "Tests: gpt-3.5-turbo": {
        "gpt-4-turbo": {
            "accuracy": 0.8414634146341463,
            "prompt_tokens": 191400,
            "completion_tokens": 52103,
            "duration": 3362.7287862300873,
            "costs": 3.4770899999999996
        },
        "gpt-3.5-turbo": {
            "accuracy": 0.7378048780487805,
            "prompt_tokens": 177801,
            "completion_tokens": 34119,
            "duration": 1829.4404847621918,
            "costs": 0.140079
        }
    },
    "Tests: Entwickler": {
        "gpt-3.5-turbo": {
            "accuracy": 0.8292682926829268,
            "prompt_tokens": 135459,
            "completion_tokens": 24712,
            "duration": 1357.4730246067047,
            "costs": 0.10479749999999999
        },
        "gpt-4-turbo": {
            "accuracy": 0.9085365853658537,
            "prompt_tokens": 85621,
            "completion_tokens": 23521,
            "duration": 1596.3186872005463,
            "costs": 1.5618400000000001
        }
    }
}