{"accuracy": {"pass@1": 0.9414634146341464}, "prompt_tokens": 59051.7, "completion_tokens": 14257.1, "duration": 1348.2917104721068}