{"accuracy": {"pass@1": 0.8658536585365854}, "prompt_tokens": 9173.2, "completion_tokens": 3529.6, "duration": 248.00211462974548}