{"accuracy": {"pass@1": 0.9024390243902439}, "prompt_tokens": 19926.2, "completion_tokens": 23320.0, "duration": 875.0654117584229}