{"accuracy": {"pass@8": 0.9449864498644985}, "prompt_tokens": 244632.0, "completion_tokens": 108505.6, "duration": 8832.664363098145}