{"accuracy": {"pass@1": 0.9457317073170731}, "prompt_tokens": 128905.3, "completion_tokens": 29704.4, "duration": 2102.055419969559}