{"accuracy": {"pass@2": 0.8983739837398372}, "prompt_tokens": 52050.6, "completion_tokens": 43900.2, "duration": 1956.3765810966493}