{"accuracy": {"pass@1": 0.823170731707317}, "prompt_tokens": 176876.2, "completion_tokens": 26736.4, "duration": 1255.6519344329834}