{"accuracy": {"pass@1": 0.7780487804878048}, "prompt_tokens": 105949.8, "completion_tokens": 20098.4, "duration": 646.7108055830001}