{"accuracy": {"pass@1": 0.7865853658536586}, "prompt_tokens": 16496.5, "completion_tokens": 9583.4, "duration": 458.22911539077757}