{"accuracy": {"pass@9": 0.7853658536585366}, "prompt_tokens": 276543.0, "completion_tokens": 89121.6, "duration": 5892.098008847237}