{"accuracy": {"pass@1": 0.9475609756097562}, "prompt_tokens": 59846.0, "completion_tokens": 14931.5, "duration": 948.7042400121688}