{"accuracy": {"pass@1": 0.9402439024390243}, "prompt_tokens": 60982.5, "completion_tokens": 15406.9, "duration": 1114.3869700670243}