{"accuracy": {"pass@1": 0.9085365853658537}, "prompt_tokens": 27348.4, "completion_tokens": 8619.2, "duration": 735.485833978653}