{"accuracy": {"pass@1": 0.8658536585365854}, "prompt_tokens": 9973.2, "completion_tokens": 3775.4, "duration": 251.9230191707611}