{"accuracy": {"pass@1": 0.7707317073170732}, "prompt_tokens": 36486.0, "completion_tokens": 26652.2, "duration": 845.8356156826019}