{"accuracy": {"pass@1": 0.6707317073170732}, "prompt_tokens": 28917, "completion_tokens": 18325, "duration": 767.2675905227661}