{"accuracy": {"pass@1": 0.8414634146341463}, "prompt_tokens": 10589.5, "completion_tokens": 3398.9, "duration": 175.4677549123764}