{"accuracy": {"pass@6": 0.8201509872241579}, "prompt_tokens": 177103.2, "completion_tokens": 109944.0, "duration": 3481.5706010341646}