{"accuracy": {"pass@7": 0.9332655826558267}, "prompt_tokens": 182177.1, "completion_tokens": 153650.7, "duration": 6847.318033838272}