{"accuracy": {"pass@1": 0.8743902439024389}, "prompt_tokens": 61164.3, "completion_tokens": 16636.7, "duration": 973.4059765577316}