{"accuracy": {"pass@1": 0.7239263803680982}, "prompt_tokens": 176361, "completion_tokens": 34872, "duration": 3723.6777017116547}