{"accuracy": {"pass@1": 0.8719512195121951}, "prompt_tokens": 80425.0, "completion_tokens": 17796.8, "duration": 1654.4749300003052}