{"accuracy": {"pass@2": 0.7246612466124662}, "prompt_tokens": 229174.6, "completion_tokens": 89863.0, "duration": 2451.326139354706}