{"accuracy": {"pass@1": 0.8426829268292684}, "prompt_tokens": 30579.0, "completion_tokens": 13796.2, "duration": 1029.7402725696563}