{"accuracy": {"pass@1": 0.9463414634146341}, "prompt_tokens": 56699.6, "completion_tokens": 14284.4, "duration": 914.4850934505463}