{"accuracy": {"pass@1": 0.9024390243902439}, "prompt_tokens": 3057.9, "completion_tokens": 1338.8, "duration": 114.82414727210998}