{"accuracy": {"pass@5": 0.7820605884630275}, "prompt_tokens": 528782.5, "completion_tokens": 155161.5, "duration": 5862.898788094521}