{"accuracy": {"pass@1": 0.8689024390243902}, "prompt_tokens": 55658.8, "completion_tokens": 13439.2, "duration": 1234.3890467643737}