{"accuracy": {"pass@2": 0.8907859078590786}, "prompt_tokens": 312492.4, "completion_tokens": 150451.0, "duration": 5081.3545655727385}