{"accuracy": {"pass@8": 0.8672086720867209}, "prompt_tokens": 1312674.4, "completion_tokens": 765281.6, "duration": 37005.35433273316}