{"accuracy": {"pass@8": 0.9349593495934958}, "prompt_tokens": 231336.0, "completion_tokens": 194721.6, "duration": 8659.180284881591}