{"accuracy": {"pass@1": 0.8536585365853658}, "prompt_tokens": 15289.5, "completion_tokens": 6474.5, "duration": 502.3016664981842}