{"accuracy": {"pass@1": 0.7957317073170732}, "prompt_tokens": 36507.8, "completion_tokens": 7323.2, "duration": 272.84114356040953}