{"accuracy": {"pass@1": 0.8475609756097561}, "prompt_tokens": 60986.0, "completion_tokens": 8181.8, "duration": 326.081743478775}