{"accuracy": {"pass@10": 0.9451219512195121}, "prompt_tokens": 1562462.0, "completion_tokens": 752255.0, "duration": 25406.772827863693}