{"accuracy": {"pass@1": 0.8317073170731708}, "prompt_tokens": 48797.2, "completion_tokens": 63567.0, "duration": 1180.831103181839}