{"accuracy": {"pass@10": 0.8536585365853658}, "prompt_tokens": 1145873.0, "completion_tokens": 449315.0, "duration": 12256.630696773529}