{"accuracy": {"pass@10": 0.8597560975609756}, "prompt_tokens": 295172.0, "completion_tokens": 183240.0, "duration": 5802.617668390274}