{"accuracy": {"pass@1": 0.8585365853658538}, "prompt_tokens": 51983.0, "completion_tokens": 14571.2, "duration": 878.8164063453675}