{"accuracy": {"pass@1": 0.8902439024390244}, "prompt_tokens": 3057.9, "completion_tokens": 1334.1, "duration": 113.70553524494171}