{"accuracy": {"pass@10": 0.8780487804878049}, "prompt_tokens": 1640843.0, "completion_tokens": 956602.0, "duration": 46256.69291591644}