{"accuracy": {"pass@5": 0.9222077042198994}, "prompt_tokens": 781174.0, "completion_tokens": 375458.0, "duration": 11874.69470179081}