{"accuracy": {"pass@1": 0.7439024390243903}, "prompt_tokens": 34973.8, "completion_tokens": 22071.0, "duration": 791.8846779823303}