{"accuracy": {"pass@1": 0.8292682926829268}, "prompt_tokens": 75290, "completion_tokens": 93374, "duration": 4456.74848985672}