{"accuracy": {"pass@1": 0.6945121951219513}, "prompt_tokens": 30631.9, "completion_tokens": 9985.0, "duration": 552.4944037675857}