{"accuracy": {"pass@4": 0.9225900116144019}, "prompt_tokens": 624984.8, "completion_tokens": 300902.0, "duration": 10162.709131145477}