{"accuracy": {"pass@1": 0.696951219512195}, "prompt_tokens": 31444.6, "completion_tokens": 10392.8, "duration": 612.6380963087082}