{"accuracy": {"pass@10": 0.9207317073170732}, "prompt_tokens": 1059216.0, "completion_tokens": 342123.0, "duration": 23135.491785526276}