{"accuracy": {"pass@7": 0.8318089430894309}, "prompt_tokens": 206620.4, "completion_tokens": 128268.0, "duration": 4061.8323678731917}