{"accuracy": {"pass@1": 0.8475609756097561}, "prompt_tokens": 12231.6, "completion_tokens": 5334.4, "duration": 416.04706983566285}