{"accuracy": {"pass@1": 0.8719512195121951}, "prompt_tokens": 42146.4, "completion_tokens": 10947.6, "duration": 964.7013503074646}