{"accuracy": {"pass@1": 0.7975609756097561}, "prompt_tokens": 62387.8, "completion_tokens": 97279.8, "duration": 1604.8607520580292}