{"accuracy": {"pass@1": 0.848780487804878}, "prompt_tokens": 156483.8, "completion_tokens": 75214.8, "duration": 2413.3477478981017}