{"accuracy": {"pass@5": 0.7722125435540069}, "prompt_tokens": 61454.0, "completion_tokens": 19804.8, "duration": 1309.3551130771637}