{"accuracy": {"pass@1": 0.8689024390243902}, "prompt_tokens": 35349.8, "completion_tokens": 9806.2, "duration": 837.2462732791901}