{"accuracy": {"pass@1": 0.9390243902439024}, "prompt_tokens": 25499.0, "completion_tokens": 5785.2, "duration": 501.4827407360077}