{"accuracy": {"pass@1": 0.7548780487804879}, "prompt_tokens": 219303.8, "completion_tokens": 35598.8, "duration": 1541.805427980423}