{"accuracy": {"pass@1": 0.8780487804878049}, "prompt_tokens": 3057.9, "completion_tokens": 1336.5, "duration": 109.37922165393829}