{"accuracy": {"pass@1": 0.8402439024390245}, "prompt_tokens": 277930.0, "completion_tokens": 37808.4, "duration": 1625.018727016449}