{"accuracy": {"pass@8": 0.7873983739837398}, "prompt_tokens": 61383.4, "completion_tokens": 19710.4, "duration": 1014.4196302890778}