{"accuracy": {"pass@1": 0.9085365853658537}, "prompt_tokens": 3057.9, "completion_tokens": 1363.8, "duration": 115.5682544708252}