{"accuracy": {"pass@1": 0.8780487804878049}, "prompt_tokens": 3057.9, "completion_tokens": 1344.8, "duration": 109.82355153560638}