{"accuracy": {"pass@1": 0.7804878048780488}, "prompt_tokens": 16382.9, "completion_tokens": 9474.5, "duration": 458.05990674495695}