{"accuracy": {"pass@1": 0.8402439024390245}, "prompt_tokens": 164412.4, "completion_tokens": 24485.9, "duration": 769.0591756343841}