{"accuracy": {"pass@1": 0.7902439024390243}, "prompt_tokens": 73252.7, "completion_tokens": 12324.5, "duration": 575.2633960485458}