{"accuracy": {"pass@1": 0.7134146341463414}, "prompt_tokens": 15628.7, "completion_tokens": 7145.8, "duration": 155.23335139751435}