{"accuracy": {"pass@1": 0.8963414634146342}, "prompt_tokens": 3057.9, "completion_tokens": 1346.4, "duration": 113.59862587451934}