{"accuracy": {"pass@10": 0.9390243902439024}, "prompt_tokens": 1058019.0, "completion_tokens": 340428.0, "duration": 18033.796671152115}