{"accuracy": {"pass@1": 0.8719512195121951}, "prompt_tokens": 75025.2, "completion_tokens": 16950.2, "duration": 1568.8873212337494}