{"accuracy": {"pass@3": 0.9124564459930313}, "prompt_tokens": 78075.9, "completion_tokens": 65850.3, "duration": 2934.5648716449737}