{"accuracy": {"pass@7": 0.8336890243902438}, "prompt_tokens": 214423.3, "completion_tokens": 69895.0, "duration": 3867.4608263731}