{"accuracy": {"pass@2": 0.8879403794037939}, "prompt_tokens": 312469.6, "completion_tokens": 150183.2, "duration": 4749.8778807163235}