{"accuracy": {"pass@1": 0.7487804878048782}, "prompt_tokens": 135962.6, "completion_tokens": 24529.0, "duration": 1177.2964631080627}