{"accuracy": {"pass@1": 0.7317073170731707}, "prompt_tokens": 30579, "completion_tokens": 9632, "duration": 617.4247677326202}