{"accuracy": {"pass@4": 0.7649535423925669}, "prompt_tokens": 122908.0, "completion_tokens": 39609.6, "duration": 2618.7102261543273}