{"accuracy": {"pass@1": 0.8963414634146342}, "prompt_tokens": 16454.2, "completion_tokens": 15364.8, "duration": 671.6641708374024}