{"accuracy": {"pass@1": 0.7621951219512195}, "prompt_tokens": 15612.0, "completion_tokens": 7136.1, "duration": 158.06243109703064}