{"accuracy": {"pass@1": 0.6414634146341464}, "prompt_tokens": 114587.3, "completion_tokens": 44931.5, "duration": 1225.663069677353}