{"accuracy": {"pass@1": 0.8134146341463415}, "prompt_tokens": 45255.8, "completion_tokens": 52658.0, "duration": 1105.9960065364837}