{"accuracy": {"pass@1": 0.8109756097560976}, "prompt_tokens": 16559.9, "completion_tokens": 9608.2, "duration": 457.64375121593474}