{"accuracy": {"pass@1": 0.8475609756097561}, "prompt_tokens": 6115.8, "completion_tokens": 2667.2, "duration": 208.02353491783143}