{"accuracy": {"pass@1": 0.850609756097561}, "prompt_tokens": 30579.0, "completion_tokens": 13607.1, "duration": 1061.8596365451813}