{"accuracy": {"pass@1": 0.9439024390243903}, "prompt_tokens": 121507.7, "completion_tokens": 28369.1, "duration": 2008.5667122364043}