{"accuracy": {"pass@1": 0.9085365853658537}, "prompt_tokens": 27357.6, "completion_tokens": 8561.8, "duration": 614.4222098588943}