{"accuracy": {"pass@7": 0.9241869918699187}, "prompt_tokens": 214053.0, "completion_tokens": 96573.4, "duration": 7208.181907987595}