{"accuracy": {"pass@6": 0.9103948896631824}, "prompt_tokens": 635529.6, "completion_tokens": 205273.8, "duration": 13881.295071315766}