{"accuracy": {"pass@1": 0.7439024390243902}, "prompt_tokens": 3087.5, "completion_tokens": 1011.2, "duration": 65.97720696926118}