{"accuracy": {"pass@1": 0.6969512195121952}, "prompt_tokens": 62889.2, "completion_tokens": 20785.6, "duration": 1225.2761926174164}