{"accuracy": {"pass@1": 0.9024390243902439}, "prompt_tokens": 19029.6, "completion_tokens": 21353.0, "duration": 826.6339496135712}