{"accuracy": {"pass@1": 0.7621951219512195}, "prompt_tokens": 11037.3, "completion_tokens": 4321.7, "duration": 168.17132720947265}