{"accuracy": {"pass@5": 0.9249903213317846}, "prompt_tokens": 144585.0, "completion_tokens": 121701.0, "duration": 5411.987678050995}