{"accuracy": {"pass@5": 0.8376161440185831}, "prompt_tokens": 820421.5, "completion_tokens": 478301.0, "duration": 23128.34645795822}