{"accuracy": {"pass@1": 0.8658536585365854}, "prompt_tokens": 3057.9, "completion_tokens": 1334.2, "duration": 109.51637856960296}