{"accuracy": {"pass@1": 0.8780487804878049}, "prompt_tokens": 3057.9, "completion_tokens": 1343.9, "duration": 109.46217639446259}