{"accuracy": {"pass@1": 0.8719512195121951}, "prompt_tokens": 79066.6, "completion_tokens": 20715.6, "duration": 1151.3897300481797}