{"accuracy": {"pass@10": 0.9390243902439024}, "prompt_tokens": 305790.0, "completion_tokens": 136521.0, "duration": 10947.410282373428}