{"accuracy": {"pass@1": 0.7646341463414634}, "prompt_tokens": 149309.4, "completion_tokens": 26857.6, "duration": 1333.9718638896943}