{"accuracy": {"pass@1": 0.7195121951219512}, "prompt_tokens": 30875, "completion_tokens": 9872, "duration": 658.5340719223022}