{"accuracy": {"pass@1": 0.8048780487804879}, "prompt_tokens": 12067.4, "completion_tokens": 18264.0, "duration": 289.3795870304108}