{"accuracy": {"pass@4": 0.7675958188153309}, "prompt_tokens": 423026.0, "completion_tokens": 124129.2, "duration": 4690.319030475616}