{"accuracy": {"pass@1": 0.8902439024390244}, "prompt_tokens": 3057.9, "completion_tokens": 1329.2, "duration": 114.18864266872406}