{"accuracy": {"pass@1": 0.7524390243902439}, "prompt_tokens": 156131.4, "completion_tokens": 32041.2, "duration": 1193.503299808502}