{"accuracy": {"pass@4": 0.901219512195122}, "prompt_tokens": 122316.0, "completion_tokens": 54608.4, "duration": 4378.964112949371}