{"accuracy": {"pass@7": 0.9385670731707316}, "prompt_tokens": 1093723.4, "completion_tokens": 526578.5, "duration": 17784.740979504586}