{"accuracy": {"pass@1": 0.7573170731707317}, "prompt_tokens": 257493.6, "completion_tokens": 40376.6, "duration": 1714.0949786663055}