{"accuracy": {"pass@1": 0.8085365853658536}, "prompt_tokens": 43249.6, "completion_tokens": 46705.0, "duration": 1064.7756139278413}