{"accuracy": {"pass@10": 0.823170731707317}, "prompt_tokens": 1057565.0, "completion_tokens": 310323.0, "duration": 11725.797576189041}