{"accuracy": {"pass@1": 0.9365853658536587}, "prompt_tokens": 95711.8, "completion_tokens": 23790.5, "duration": 1709.7759581804276}