{"accuracy": {"pass@1": 0.825609756097561}, "prompt_tokens": 47054.8, "completion_tokens": 58296.6, "duration": 1144.4560958862305}