{"accuracy": {"pass@4": 0.8963704994192798}, "prompt_tokens": 423207.6, "completion_tokens": 136171.2, "duration": 7213.518668460846}