{"accuracy": {"pass@1": 0.7597560975609756}, "prompt_tokens": 149265.7, "completion_tokens": 27339.9, "duration": 873.7164944171906}