{"accuracy": {"pass@1": 0.8902439024390244}, "prompt_tokens": 3057.9, "completion_tokens": 1357.4, "duration": 110.97227189540862}