{"accuracy": {"pass@9": 0.9347560975609757}, "prompt_tokens": 952217.1, "completion_tokens": 306385.2, "duration": 16230.417004036903}