{"accuracy": {"pass@10": 0.8170731707317073}, "prompt_tokens": 314446.0, "completion_tokens": 103928.0, "duration": 6126.380963087082}