{"accuracy": {"pass@1": 0.6707317073170732}, "prompt_tokens": 28917.0, "completion_tokens": 18158.4, "duration": 701.1572858333587}