{"accuracy": {"pass@1": 0.8146341463414634}, "prompt_tokens": 105921.6, "completion_tokens": 34212.3, "duration": 2313.5491785526274}