{"accuracy": {"pass@1": 0.8414634146341463}, "prompt_tokens": 191400, "completion_tokens": 52103, "duration": 3362.7287862300873}