{"accuracy": {"pass@1": 0.9359756097560976}, "prompt_tokens": 15949.2, "completion_tokens": 14071.8, "duration": 636.4069994449616}