{"accuracy": {"pass@1": 0.8475609756097561}, "prompt_tokens": 57007.8, "completion_tokens": 7701.6, "duration": 345.15167102813723}