{"accuracy": {"pass@3": 0.7909552845528454}, "prompt_tokens": 91895.7, "completion_tokens": 29955.0, "duration": 1657.4832113027574}