{"accuracy": {"pass@8": 0.9307588075880759}, "prompt_tokens": 244632.0, "completion_tokens": 109216.8, "duration": 8757.928225898742}