{"accuracy": {"pass@1": 0.7926829268292683}, "prompt_tokens": 59318.4, "completion_tokens": 88946.4, "duration": 1518.256880569458}