{"accuracy": {"pass@1": 0.7341463414634146}, "prompt_tokens": 89056.8, "completion_tokens": 18091.4, "duration": 974.571613407135}