{"accuracy": {"pass@1": 0.8073170731707318}, "prompt_tokens": 54539.0, "completion_tokens": 77243.6, "duration": 1255.075563287735}