{"accuracy": {"pass@1": 0.7317073170731707}, "prompt_tokens": 15610.8, "completion_tokens": 7135.3, "duration": 156.4914667367935}