{"accuracy": {"pass@1": 0.8170731707317073}, "prompt_tokens": 125745.0, "completion_tokens": 19130.7, "duration": 838.6152833461762}