{"accuracy": {"pass@1": 0.7841463414634148}, "prompt_tokens": 43840.6, "completion_tokens": 46646.8, "duration": 993.8980253696442}