{"accuracy": {"pass@10": 0.9329268292682927}, "prompt_tokens": 305790.0, "completion_tokens": 137962.0, "duration": 10297.402725696564}