{"accuracy": {"pass@1": 0.7646341463414634}, "prompt_tokens": 37874.8, "completion_tokens": 29903.2, "duration": 852.8262336730957}