{"accuracy": {"pass@1": 0.925609756097561}, "prompt_tokens": 38716.7, "completion_tokens": 10686.1, "duration": 959.147382926941}