{"accuracy": {"pass@1": 0.7707317073170732}, "prompt_tokens": 90413.2, "completion_tokens": 17496.1, "duration": 595.472332572937}