{"accuracy": {"pass@6": 0.9168118466898955}, "prompt_tokens": 634811.4, "completion_tokens": 204256.8, "duration": 10820.27800269127}