{"accuracy": {"pass@1": 0.9420731707317073}, "prompt_tokens": 50454.6, "completion_tokens": 11287.8, "duration": 971.6929884433746}