{"accuracy": {"pass@1": 0.9085365853658537}, "prompt_tokens": 85621, "completion_tokens": 23521, "duration": 1596.3186872005463}