{"accuracy": {"pass@1": 0.823170731707317}, "prompt_tokens": 10357.6, "completion_tokens": 14302.8, "duration": 223.39634594917297}