{"accuracy": {"pass@1": 0.8853658536585365}, "prompt_tokens": 42425.1, "completion_tokens": 12374.1, "duration": 783.8719742298126}