{"accuracy": {"pass@1": 0.6280487804878049}, "prompt_tokens": 11135.7, "completion_tokens": 4256.1, "duration": 177.3983207464218}