{"accuracy": {"pass@1": 0.8658536585365854}, "prompt_tokens": 3057.9, "completion_tokens": 1336.0, "duration": 109.70794684886933}