{"accuracy": {"pass@1": 0.9426829268292682}, "prompt_tokens": 113962.1, "completion_tokens": 26988.2, "duration": 1917.8618238925933}