{"accuracy": {"pass@4": 0.896022067363531}, "prompt_tokens": 423686.4, "completion_tokens": 136849.2, "duration": 9254.19671421051}