{"accuracy": {"pass@1": 0.7317073170731707}, "prompt_tokens": 3087.5, "completion_tokens": 990.8, "duration": 66.6883817434311}