{"accuracy": {"pass@1": 0.8646341463414635}, "prompt_tokens": 104303.8, "completion_tokens": 26372.3, "duration": 1406.8376826524734}