{"accuracy": {"pass@1": 0.8658536585365854}, "prompt_tokens": 3057.9, "completion_tokens": 1335.4, "duration": 109.69985146522522}