{"accuracy": {"pass@1": 0.8658536585365854}, "prompt_tokens": 3057.9, "completion_tokens": 1339.1, "duration": 108.99917993545532}