{"accuracy": {"pass@1": 0.9329268292682927}, "prompt_tokens": 37846.8, "completion_tokens": 9438.0, "duration": 780.8902697086335}