{"accuracy": {"pass@1": 0.7378048780487805}, "prompt_tokens": 10583.8, "completion_tokens": 3127.9, "duration": 126.48238561153411}