{"accuracy": {"pass@3": 0.8802845528455283}, "prompt_tokens": 317405.7, "completion_tokens": 102128.4, "duration": 5410.139001345635}