{"accuracy": {"pass@1": 0.8780487804878049}, "prompt_tokens": 15563.6, "completion_tokens": 7434.5, "duration": 249.65680613517762}