{"accuracy": {"pass@1": 0.7621951219512195}, "prompt_tokens": 10601.2, "completion_tokens": 3150.0, "duration": 126.16133732795716}