{"accuracy": {"pass@9": 0.7902439024390245}, "prompt_tokens": 61383.4, "completion_tokens": 19710.4, "duration": 1014.4196302890778}