{"accuracy": {"pass@1": 0.8719512195121951}, "prompt_tokens": 39416.6, "completion_tokens": 8824.4, "duration": 799.3717973709106}