{"accuracy": {"pass@8": 0.8420054200542006}, "prompt_tokens": 236137.6, "completion_tokens": 146592.0, "duration": 4642.094134712219}