{"accuracy": {"pass@8": 0.8417344173441735}, "prompt_tokens": 916698.4, "completion_tokens": 359452.0, "duration": 9805.304557418824}