{"accuracy": {"pass@1": 0.8707317073170733}, "prompt_tokens": 28917.0, "completion_tokens": 24413.6, "duration": 1627.5465029716493}