{"accuracy": {"pass@1": 0.9024390243902439}, "prompt_tokens": 18176.6, "completion_tokens": 19386.0, "duration": 775.2689530849457}