{"accuracy": {"pass@1": 0.7865853658536586}, "prompt_tokens": 319159.8, "completion_tokens": 50636.6, "duration": 2191.175632238388}