{"accuracy": {"pass@1": 0.9158536585365853}, "prompt_tokens": 34754.7, "completion_tokens": 10114.2, "duration": 762.0906966686249}