{"accuracy": {"pass@1": 0.7780487804878048}, "prompt_tokens": 59904.9, "completion_tokens": 10694.4, "duration": 517.6266219854355}