{"accuracy": {"pass@1": 0.8121951219512195}, "prompt_tokens": 94541.4, "completion_tokens": 15202.0, "duration": 557.253553199768}