{"accuracy": {"pass@1": 0.9390243902439024}, "prompt_tokens": 53262.4, "completion_tokens": 13259.3, "duration": 1236.4754981279373}