{"accuracy": {"pass@6": 0.929732868757259}, "prompt_tokens": 156151.8, "completion_tokens": 131700.6, "duration": 5869.129743289947}