{"accuracy": {"pass@1": 0.8292682926829268}, "prompt_tokens": 60450.8, "completion_tokens": 7885.6, "duration": 315.8808828353882}