{"accuracy": {"pass@1": 0.9341463414634146}, "prompt_tokens": 46889.6, "completion_tokens": 12114.7, "duration": 1107.5478705644607}