{"accuracy": {"pass@1": 0.8902439024390244}, "prompt_tokens": 41746.1, "completion_tokens": 12293.1, "duration": 789.3916571855545}