{"accuracy": {"pass@1": 0.7073170731707317}, "prompt_tokens": 10578.9, "completion_tokens": 3125.6, "duration": 126.11848540306092}