{"accuracy": {"pass@3": 0.7909552845528454}, "prompt_tokens": 61263.8, "completion_tokens": 19970.0, "duration": 1104.9888075351714}