{"accuracy": {"pass@1": 0.9384146341463415}, "prompt_tokens": 105189.7, "completion_tokens": 25430.4, "duration": 1814.1336496114732}