{"accuracy": {"pass@1": 0.7682926829268293}, "prompt_tokens": 11093.2, "completion_tokens": 4360.5, "duration": 169.21385538578033}