{"accuracy": {"pass@1": 0.7439024390243902}, "prompt_tokens": 83508.2, "completion_tokens": 12298.0, "duration": 477.42069082260133}