{"accuracy": {"pass@5": 0.9300474254742547}, "prompt_tokens": 781231.0, "completion_tokens": 376127.5, "duration": 12703.386413931847}