{"accuracy": {"pass@7": 0.7839939024390243}, "prompt_tokens": 61383.4, "completion_tokens": 19710.4, "duration": 1014.4196302890778}