{"accuracy": {"pass@1": 0.8841463414634146}, "prompt_tokens": 3057.9, "completion_tokens": 1333.5, "duration": 113.55353040695191}