{"accuracy": {"pass@1": 0.7317073170731707}, "prompt_tokens": 3087.5, "completion_tokens": 997.1, "duration": 66.3110193490982}