{"accuracy": {"pass@1": 0.8365853658536585}, "prompt_tokens": 153832.0, "completion_tokens": 23063.3, "duration": 739.6660463094711}