{"accuracy": {"pass@1": 0.778048780487805}, "prompt_tokens": 52783.2, "completion_tokens": 71130.8, "duration": 1332.8956181526185}