{"accuracy": {"pass@1": 0.7121951219512194}, "prompt_tokens": 38269.8, "completion_tokens": 8726.7, "duration": 419.53999016284945}