{"accuracy": {"pass@6": 0.7798199767711963}, "prompt_tokens": 61383.4, "completion_tokens": 19710.4, "duration": 1014.4196302890778}