{"accuracy": {"pass@7": 0.9049288617886179}, "prompt_tokens": 214053.0, "completion_tokens": 95249.7, "duration": 7433.017455816269}