{"accuracy": {"pass@8": 0.8392953929539295}, "prompt_tokens": 61263.8, "completion_tokens": 19970.0, "duration": 1104.9888075351714}