{"accuracy": {"pass@10": 0.8475609756097561}, "prompt_tokens": 61263.8, "completion_tokens": 19970.0, "duration": 1104.9888075351714}