{"accuracy": {"pass@1": 0.8371951219512196}, "prompt_tokens": 156234.8, "completion_tokens": 75091.6, "duration": 2374.9389403581617}