{"accuracy": {"pass@1": 0.6524390243902439}, "prompt_tokens": 155576, "completion_tokens": 71118, "duration": 2266.6500487327576}