{"accuracy": {"pass@1": 0.9213414634146343}, "prompt_tokens": 72113.9, "completion_tokens": 19711.8, "duration": 1446.896510910988}