{"accuracy": {"pass@3": 0.7480691056910569}, "prompt_tokens": 317269.5, "completion_tokens": 93096.9, "duration": 3517.7392728567124}