{"accuracy": {"pass@1": 0.8719512195121951}, "prompt_tokens": 3057.9, "completion_tokens": 1334.6, "duration": 109.67895786762237}