{"accuracy": {"pass@1": 0.926829268292683}, "prompt_tokens": 41301.8, "completion_tokens": 11371.9, "duration": 846.236285495758}