{"accuracy": {"pass@1": 0.7463414634146341}, "prompt_tokens": 40373.3, "completion_tokens": 8118.6, "duration": 400.29860150814056}