{"accuracy": {"pass@1": 0.8780487804878049}, "prompt_tokens": 3057.9, "completion_tokens": 1330.0, "duration": 114.0997180223465}