{"accuracy": {"pass@1": 0.9426829268292685}, "prompt_tokens": 68449.6, "completion_tokens": 16923.6, "duration": 1219.043622136116}