{"accuracy": {"pass@1": 0.9091463414634146}, "prompt_tokens": 57296.2, "completion_tokens": 17233.9, "duration": 1388.6964189052583}