{"accuracy": {"pass@1": 0.7597560975609757}, "prompt_tokens": 135300.8, "completion_tokens": 24968.0, "duration": 820.1442243814469}