{"accuracy": {"pass@1": 0.8963414634146342}, "prompt_tokens": 3057.9, "completion_tokens": 1347.8, "duration": 110.47968492507934}