{"accuracy": {"pass@6": 0.8032520325203253}, "prompt_tokens": 939641.4, "completion_tokens": 430124.4, "duration": 10136.313422727584}