{"accuracy": {"pass@3": 0.8898882113821138}, "prompt_tokens": 91737.0, "completion_tokens": 40956.3, "duration": 3284.2230847120286}