{"accuracy": {"pass@8": 0.9276422764227642}, "prompt_tokens": 244632.0, "completion_tokens": 110369.6, "duration": 8237.92218055725}