{"accuracy": {"pass@4": 0.9157084785133566}, "prompt_tokens": 624939.2, "completion_tokens": 300366.4, "duration": 9499.755761432647}