{"accuracy": {"pass@1": 0.7560975609756098}, "prompt_tokens": 3087.5, "completion_tokens": 1011.8, "duration": 66.45383145809174}