{"accuracy": {"pass@1": 0.7317073170731707}, "prompt_tokens": 57179.5, "completion_tokens": 11908.4, "duration": 486.79858276844027}