{"accuracy": {"pass@1": 0.8902439024390244}, "prompt_tokens": 15565.8, "completion_tokens": 7444.0, "duration": 248.94910423755647}