{"accuracy": {"pass@1": 0.7865853658536586}, "prompt_tokens": 3087.5, "completion_tokens": 1036.6, "duration": 64.68434202671051}