{"accuracy": {"pass@1": 0.7829268292682927}, "prompt_tokens": 163826.7, "completion_tokens": 29634.5, "duration": 844.8843134403229}