{"accuracy": {"pass@4": 0.8072009291521487}, "prompt_tokens": 61263.8, "completion_tokens": 19970.0, "duration": 1104.9888075351714}