{"accuracy": {"pass@1": 0.725609756097561}, "prompt_tokens": 30875, "completion_tokens": 9774, "duration": 628.2417032718658}