{"accuracy": {"pass@10": 0.8292682926829268}, "prompt_tokens": 1566069.0, "completion_tokens": 716874.0, "duration": 16893.855704545975}