{"accuracy": {"pass@1": 0.7463414634146341}, "prompt_tokens": 40695.3, "completion_tokens": 8177.5, "duration": 401.42323184013367}