{"accuracy": {"pass@1": 0.8658536585365854}, "prompt_tokens": 156235, "completion_tokens": 75069, "duration": 2536.6554625034332}