{"accuracy": {"pass@5": 0.8184039876113047}, "prompt_tokens": 153159.5, "completion_tokens": 49925.0, "duration": 2762.4720188379288}