{"accuracy": {"pass@3": 0.9058943089430894}, "prompt_tokens": 468704.4, "completion_tokens": 225274.8, "duration": 7124.816821074486}