{"accuracy": {"pass@1": 0.8365853658536585}, "prompt_tokens": 252143.6, "completion_tokens": 34893.0, "duration": 1531.4513228416442}