{"accuracy": {"pass@7": 0.8069105691056911}, "prompt_tokens": 62889.2, "completion_tokens": 20785.6, "duration": 1225.2761926174164}