{"accuracy": {"pass@1": 0.6945121951219513}, "prompt_tokens": 61263.8, "completion_tokens": 19970.0, "duration": 1104.9888075351714}