{"accuracy": {"pass@1": 0.8597560975609756}, "prompt_tokens": 6115.8, "completion_tokens": 2756.8, "duration": 199.10052194595337}