{"accuracy": {"pass@3": 0.8836382113821137}, "prompt_tokens": 91737.0, "completion_tokens": 40821.3, "duration": 3185.578909635544}