{"accuracy": {"pass@1": 0.8719512195121951}, "prompt_tokens": 3057.9, "completion_tokens": 1334.0, "duration": 109.67086248397827}