{"accuracy": {"pass@1": 0.7560975609756099}, "prompt_tokens": 38775.0, "completion_tokens": 32785.4, "duration": 902.7082366466523}