{"accuracy": {"pass@1": 0.8353658536585366}, "prompt_tokens": 61362.4, "completion_tokens": 8247.4, "duration": 374.7095019340515}