{"accuracy": {"pass@1": 0.6932926829268292}, "prompt_tokens": 30691.7, "completion_tokens": 9855.2, "duration": 507.2098151445389}