{"accuracy": {"pass@4": 0.7673635307781649}, "prompt_tokens": 61383.4, "completion_tokens": 19710.4, "duration": 1014.4196302890778}